engagement_label,face_detected_mean,eye_openness_mean,head_pose_mean,typing_speed_mean,mouse_activity_mean,idle_time_mean,face_detected_std,eye_openness_std,head_pose_std,typing_speed_std,mouse_activity_std,idle_time_std,face_detected_median,eye_openness_median,head_pose_median,typing_speed_median,mouse_activity_median,idle_time_median
Disengaged,0.4548872180451128,0.0005090225563909774,0.022556390977443608,48.671165413533835,193.02631578947367,10.12639097744361,0.49889934182154166,0.0033885925980730873,0.1487642386289472,49.09236335873552,133.68640884038848,5.4276209512046805,0.0,0.0,0.0,40.61,187.0,9.975
Engaged,1.0,0.02508259109311741,1.0,233.74303643724696,176.1497975708502,0.6810526315789474,0.0,0.002932807931767062,0.0,65.52374648744299,73.0653860607248,0.4332704440721306,1.0,0.0252,1.0,232.84,179.0,0.62
